文件名	阶数6上表面	阶数6下表面	阶数6总误差	阶数8上表面	阶数8下表面	阶数8总误差	阶数10上表面	阶数10下表面	阶数10总误差	三阶总和
2032c.csv	0.008037	0.006376	0.014413	0.003348	0.002114	0.005462	0.002088	0.001123	0.003211	0.023086
a63a108c.csv	0.047639	0.035603	0.083242	0.036848	0.026672	0.063520	0.029415	0.018908	0.048323	0.195085
ag03.csv	0.017006	0.004444	0.021450	0.012277	0.001989	0.014266	0.008735	0.000978	0.009713	0.045430
ag11.csv	0.021325	0.021666	0.042990	0.018813	0.016639	0.035452	0.015326	0.013745	0.029071	0.107514
ag13.csv	0.016959	0.002922	0.019881	0.010867	0.001895	0.012763	0.007666	0.001883	0.009549	0.042193
ag14.csv	0.016684	0.005103	0.021787	0.011032	0.003953	0.014985	0.007687	0.002998	0.010686	0.047457
ag19.csv	0.016947	0.005109	0.022056	0.012417	0.003396	0.015813	0.008784	0.002594	0.011378	0.049246
ag35.csv	0.427156	0.428507	0.855663	0.386520	0.371659	0.758179	0.333204	0.333028	0.666232	2.280073
ag36.csv	0.391154	0.393054	0.784208	0.352563	0.342101	0.694663	0.303119	0.306860	0.609978	2.088849
ag47c03.csv	0.028663	0.005829	0.034492	0.023299	0.003615	0.026913	0.019297	0.003224	0.022521	0.083926
ag47ct02r.csv	0.017970	0.008277	0.026247	0.014992	0.005353	0.020345	0.011621	0.004319	0.015940	0.062532
ag53.csv	0.021876	0.005107	0.026983	0.013429	0.002847	0.016276	0.009462	0.001699	0.011162	0.054420
ah21-9.csv	0.000935	0.002609	0.003544	0.000487	0.001116	0.001603	0.000260	0.000579	0.000839	0.005985
ah6407.csv	0.001910	0.004549	0.006459	0.001987	0.002438	0.004425	0.001417	0.001339	0.002756	0.013639
ah79100b.csv	0.012049	0.014173	0.026223	0.006175	0.006745	0.012920	0.004100	0.002669	0.006769	0.045911
ah81131.csv	0.017503	0.004380	0.021884	0.011709	0.004387	0.016096	0.009617	0.004102	0.013720	0.051699
ah81k144.csv	0.019821	0.015664	0.035485	0.009385	0.006850	0.016235	0.010442	0.004963	0.015405	0.067125
ah81k144wfKlappe.csv	0.038438	0.068087	0.106525	0.036668	0.040837	0.077505	0.028307	0.041262	0.069570	0.253600
ah88k136.csv	0.077167	0.057629	0.134796	0.043934	0.055746	0.099679	0.031130	0.052233	0.083363	0.317838
ah93w174.csv	0.022731	0.001838	0.024569	0.006916	0.001010	0.007926	0.004911	0.001006	0.005917	0.038412
ah93w300.csv	0.016152	0.029654	0.045806	0.009642	0.014681	0.024322	0.007436	0.006495	0.013931	0.084059
ah95160.csv	0.020082	0.022327	0.042409	0.015954	0.011033	0.026986	0.009342	0.009604	0.018947	0.088342
amsoil1.csv	0.007056	0.012708	0.019764	0.003484	0.006349	0.009833	0.002096	0.003521	0.005617	0.035213
amsoil2.csv	0.008142	0.010344	0.018486	0.004008	0.004953	0.008961	0.002422	0.002702	0.005124	0.032571
arad10.csv	0.004220	0.001894	0.006114	0.001004	0.001860	0.002864	0.000772	0.000947	0.001719	0.010698
arad6.csv	0.004790	0.002574	0.007364	0.001515	0.002213	0.003729	0.001042	0.001185	0.002227	0.013320
as5045.csv	0.014625	0.020525	0.035150	0.010739	0.009331	0.020070	0.006856	0.007763	0.014618	0.069838
atr72sm.csv	0.012607	0.007568	0.020175	0.010926	0.005256	0.016182	0.006843	0.002289	0.009133	0.045489
august160.csv	0.028325	0.010189	0.038514	0.019990	0.008098	0.028088	0.020425	0.006580	0.027004	0.093606
b29tip.csv	0.005351	0.009014	0.014365	0.002691	0.005031	0.007723	0.001407	0.003969	0.005376	0.027464
b737b.csv	0.047897	0.039594	0.087490	0.039780	0.035744	0.075523	0.035927	0.033897	0.069825	0.232838
b737d.csv	0.002666	0.010301	0.012967	0.001414	0.005516	0.006930	0.001522	0.003715	0.005237	0.025135
bacnlf.csv	0.024302	0.015352	0.039654	0.021117	0.009507	0.030624	0.016337	0.008519	0.024856	0.095135
bambino6.csv	0.078673	0.095340	0.174013	0.078365	0.082842	0.161206	0.078231	0.073865	0.152096	0.487315
be50.csv	0.041219	0.042605	0.083824	0.033646	0.033038	0.066684	0.031109	0.031108	0.062217	0.212725
bqm34.csv	0.002427	0.002427	0.004853	0.001615	0.001615	0.003230	0.001047	0.001047	0.002094	0.010177
bw3.csv	0.037579	0.049578	0.087157	0.019101	0.035978	0.055079	0.012681	0.024337	0.037018	0.179254
c141d.csv	0.005982	0.009604	0.015586	0.003520	0.004402	0.007922	0.002722	0.003404	0.006127	0.029635
c141f.csv	0.011273	0.016736	0.028009	0.008081	0.005077	0.013157	0.005957	0.003367	0.009323	0.050490
c5b.csv	0.010658	0.018561	0.029219	0.008056	0.013165	0.021221	0.006102	0.009638	0.015740	0.066181
cap21c.csv	0.005767	0.004044	0.009810	0.003282	0.003403	0.006685	0.001665	0.002857	0.004522	0.021017
cast102.csv	0.007124	0.020717	0.027841	0.003428	0.013221	0.016649	0.003226	0.010010	0.013236	0.057726
clarkk.csv	0.002699	0.010949	0.013649	0.000448	0.005609	0.006056	0.000347	0.001831	0.002178	0.021882
clarkv.csv	0.003289	0.001557	0.004847	0.001751	0.000549	0.002300	0.000947	0.000582	0.001530	0.008676
clarkyh.csv	0.099187	0.101221	0.200408	0.094338	0.089598	0.183936	0.087694	0.086951	0.174645	0.558989
coanda2.csv	0.039183	0.069488	0.108671	0.038720	0.058179	0.096899	0.037754	0.047172	0.084926	0.290496
coanda3.csv	0.044460	0.068118	0.112578	0.040057	0.056334	0.096391	0.038896	0.044883	0.083779	0.292748
curtisc72.csv	0.102842	0.103065	0.205907	0.088264	0.089838	0.178102	0.080976	0.081678	0.162654	0.546663
daytonwright6.csv	0.083480	0.089586	0.173066	0.077231	0.078911	0.156141	0.070337	0.069640	0.139977	0.469184
defcnd1.csv	0.013415	0.014464	0.027879	0.011653	0.012959	0.024612	0.009226	0.012469	0.021695	0.074186
df102.csv	0.020431	0.003347	0.023777	0.009906	0.002174	0.012080	0.006280	0.002092	0.008372	0.044229
dga1182.csv	0.029695	0.025099	0.054795	0.024386	0.019033	0.043419	0.026052	0.014532	0.040584	0.138797
dormoy.csv	0.079148	0.079398	0.158546	0.067753	0.063348	0.131101	0.059259	0.058224	0.117483	0.407130
du8608418.csv	0.038253	0.008537	0.046791	0.020400	0.009586	0.029985	0.015025	0.004171	0.019196	0.095972
e1210.csv	0.010607	0.005027	0.015634	0.007908	0.005370	0.013277	0.006302	0.005713	0.012016	0.040927
e182.csv	0.006379	0.012248	0.018626	0.004161	0.012934	0.017094	0.002801	0.013304	0.016105	0.051826
e201.csv	0.010067	0.007599	0.017665	0.005538	0.006912	0.012449	0.003661	0.006707	0.010368	0.040483
e210.csv	0.021985	0.003383	0.025368	0.015697	0.003172	0.018869	0.012942	0.001791	0.014733	0.058970
e212.csv	0.010006	0.012009	0.022015	0.005599	0.012520	0.018119	0.003737	0.013063	0.016800	0.056934
e221.csv	0.021965	0.002151	0.024116	0.019169	0.001793	0.020961	0.018092	0.001208	0.019300	0.064377
e231.csv	0.011798	0.003043	0.014841	0.006582	0.002886	0.009468	0.004782	0.001800	0.006581	0.030890
e266.csv	0.010815	0.019440	0.030255	0.010154	0.013618	0.023772	0.004109	0.014210	0.018319	0.072346
e326.csv	0.011368	0.013645	0.025013	0.008529	0.011901	0.020429	0.005287	0.011469	0.016755	0.062198
e327.csv	0.011373	0.016061	0.027434	0.008272	0.014474	0.022747	0.005062	0.013768	0.018830	0.069011
e333.csv	0.010654	0.023898	0.034552	0.007102	0.017443	0.024545	0.004240	0.015364	0.019604	0.078700
e334.csv	0.011555	0.027699	0.039254	0.007058	0.019178	0.026236	0.004147	0.016249	0.020397	0.085887
e337.csv	0.010558	0.024475	0.035033	0.007384	0.018237	0.025621	0.003779	0.016249	0.020028	0.080682
e338.csv	0.010861	0.026179	0.037039	0.006547	0.018087	0.024635	0.003971	0.015579	0.019550	0.081224
e339.csv	0.011602	0.038379	0.049980	0.006890	0.027916	0.034806	0.003815	0.024728	0.028542	0.113329
e341.csv	0.011408	0.024515	0.035922	0.008749	0.018716	0.027465	0.004521	0.016892	0.021413	0.084800
e342.csv	0.010378	0.026191	0.036569	0.007314	0.018266	0.025580	0.003288	0.015786	0.019074	0.081224
e361.csv	0.012753	0.015672	0.028425	0.008975	0.013883	0.022857	0.006409	0.012765	0.019174	0.070457
e377m.csv	0.021057	0.037478	0.058536	0.014260	0.016971	0.031231	0.011920	0.016889	0.028809	0.118576
e403.csv	0.008439	0.018538	0.026977	0.005563	0.017819	0.023381	0.003460	0.017637	0.021097	0.071455
e407.csv	0.013520	0.009783	0.023303	0.009190	0.008615	0.017805	0.006420	0.005353	0.011773	0.052881
e417.csv	0.008521	0.016555	0.025076	0.005511	0.015506	0.021018	0.003675	0.015228	0.018903	0.064997
e432.csv	0.013937	0.017385	0.031323	0.010389	0.015533	0.025922	0.007326	0.013084	0.020409	0.077654
e434.csv	0.011930	0.013194	0.025123	0.008620	0.012708	0.021327	0.006222	0.011342	0.017564	0.064015
e473.csv	0.006796	0.006796	0.013591	0.006279	0.006279	0.012558	0.003773	0.003773	0.007546	0.033695
e49.csv	0.076530	0.039693	0.116223	0.060142	0.000000	0.060142	0.045847	0.000000	0.045847	0.222212
e521.csv	0.017669	0.020311	0.037979	0.010228	0.012973	0.023201	0.008470	0.011173	0.019642	0.080823
e540.csv	0.014966	0.017503	0.032469	0.012106	0.006958	0.019064	0.007678	0.006904	0.014582	0.066115
e541.csv	0.015985	0.019719	0.035704	0.010335	0.009240	0.019575	0.008296	0.005781	0.014076	0.069355
e542.csv	0.017056	0.016948	0.034004	0.011942	0.007387	0.019329	0.008572	0.003957	0.012529	0.065863
e544.csv	0.017037	0.013160	0.030197	0.012180	0.007409	0.019588	0.008461	0.005645	0.014106	0.063891
e547.csv	0.017697	0.013963	0.031659	0.008757	0.007577	0.016334	0.007146	0.005687	0.012833	0.060826
e551.csv	0.018745	0.017545	0.036290	0.009316	0.006774	0.016090	0.007234	0.006540	0.013774	0.066155
e555.csv	0.016120	0.016439	0.032558	0.009378	0.005688	0.015066	0.005795	0.005397	0.011193	0.058817
e557.csv	0.015361	0.015687	0.031048	0.008337	0.006165	0.014501	0.004820	0.004972	0.009792	0.055342
e585.csv	0.012480	0.010040	0.022520	0.008283	0.009004	0.017286	0.005776	0.007881	0.013657	0.053464
e598.csv	0.013316	0.010014	0.023330	0.007044	0.009817	0.016861	0.006088	0.009735	0.015823	0.056014
e603.csv	0.036194	0.006217	0.042411	0.037423	0.004004	0.041427	0.033702	0.002765	0.036467	0.120305
e642.csv	0.012581	0.013895	0.026477	0.008682	0.009932	0.018614	0.005476	0.010010	0.015486	0.060577
e657.csv	0.015533	0.013168	0.028701	0.008016	0.012275	0.020290	0.007349	0.012307	0.019656	0.068647
e664.csv	0.012589	0.017748	0.030337	0.006107	0.015135	0.021243	0.005420	0.012522	0.017942	0.069521
e678.csv	0.015971	0.014548	0.030519	0.016288	0.014351	0.030639	0.009745	0.014706	0.024451	0.085609
e682.csv	0.017223	0.015493	0.032716	0.007002	0.011282	0.018284	0.006292	0.010997	0.017289	0.068289
e694.csv	0.015074	0.012985	0.028058	0.009495	0.012244	0.021739	0.009279	0.011750	0.021028	0.070826
e71.csv	0.009653	0.005825	0.015478	0.005817	0.003570	0.009388	0.003977	0.002986	0.006963	0.031828
e817.csv	0.016047	0.008416	0.024464	0.009414	0.008117	0.017531	0.006127	0.006153	0.012280	0.054274
e851.csv	0.011176	0.007901	0.019077	0.005972	0.004872	0.010844	0.004069	0.004409	0.008478	0.038398
e854.csv	0.018673	0.007490	0.026163	0.010521	0.003178	0.013699	0.007490	0.002727	0.010216	0.050078
e858.csv	0.013899	0.018528	0.032427	0.011902	0.017650	0.029552	0.006582	0.016563	0.023145	0.085124
e862.csv	0.013295	0.013295	0.026589	0.004512	0.004512	0.009023	0.003172	0.003172	0.006345	0.041958
e864.csv	0.020050	0.018163	0.038214	0.006313	0.004634	0.010948	0.005701	0.004010	0.009711	0.058873
e874.csv	0.015172	0.022196	0.037368	0.008450	0.010629	0.019079	0.004847	0.008716	0.013564	0.070011
e904.csv	0.019808	0.013753	0.033561	0.011202	0.010340	0.021541	0.005796	0.005267	0.011063	0.066166
ea81006.csv	0.004141	0.004141	0.008282	0.003505	0.003505	0.007010	0.000146	0.000146	0.000292	0.015583
eh2012.csv	0.016028	0.003846	0.019874	0.008622	0.002349	0.010970	0.004841	0.001232	0.006073	0.036917
eiffel10.csv	0.079838	0.002081	0.081919	0.070404	0.001907	0.072311	0.063191	0.000883	0.064074	0.218304
eiffel371.csv	0.108629	0.139535	0.248164	0.097611	0.116115	0.213726	0.089822	0.094286	0.184108	0.645998
eiffel430.csv	0.098488	0.078933	0.177421	0.071465	0.067752	0.139217	0.068437	0.065566	0.134003	0.450641
fg1.csv	0.037284	0.029036	0.066320	0.034345	0.027874	0.062219	0.031184	0.027149	0.058333	0.186872
fx057816.csv	0.009494	0.001820	0.011314	0.005022	0.001627	0.006648	0.000000	0.000000	0.000000	0.017963
fx05h126.csv	0.007948	0.006167	0.014115	0.006738	0.004015	0.010753	0.004100	0.002477	0.006577	0.031444
fx2.csv	0.017593	0.010500	0.028093	0.005990	0.005472	0.011462	0.004872	0.005206	0.010077	0.049633
fx3.csv	0.028306	0.024006	0.052313	0.012102	0.009884	0.021986	0.008077	0.010936	0.019013	0.093312
fx601001.csv	0.005157	0.006060	0.011218	0.002510	0.005796	0.008307	0.001607	0.004321	0.005928	0.025452
fx60100sm.csv	0.008868	0.006658	0.015526	0.007599	0.005028	0.012627	0.006150	0.004721	0.010870	0.039023
fx60177.csv	0.011248	0.025008	0.036257	0.009773	0.013083	0.022856	0.008104	0.009831	0.017935	0.077048
fx61147.csv	0.017095	0.017125	0.034220	0.008661	0.007813	0.016474	0.006130	0.007124	0.013254	0.063948
fx61163.csv	0.018158	0.018699	0.036858	0.010370	0.006866	0.017236	0.004951	0.006044	0.010995	0.065089
fx63137.csv	0.012659	0.011115	0.023774	0.011095	0.010206	0.021301	0.009885	0.009250	0.019135	0.064210
fx63137sm.csv	0.012171	0.009046	0.021216	0.011324	0.007989	0.019313	0.010284	0.007576	0.017860	0.058389
fx63143.csv	0.017906	0.021584	0.039490	0.011580	0.014435	0.026015	0.010798	0.014453	0.025251	0.090756
fx63145.csv	0.027294	0.015805	0.043099	0.020407	0.014699	0.035106	0.019007	0.014016	0.033023	0.111228
fx66182.csv	0.020220	0.007721	0.027942	0.007660	0.006196	0.013856	0.005539	0.003593	0.009132	0.050930
fx67k170.csv	0.008950	0.009136	0.018086	0.004397	0.004471	0.008868	0.003913	0.002854	0.006767	0.033721
fx69h083.csv	0.007792	0.003235	0.011027	0.006478	0.000997	0.007475	0.003772	0.000917	0.004689	0.023192
fx69pr281.csv	0.028466	0.036660	0.065126	0.021169	0.022093	0.043262	0.014854	0.010850	0.025704	0.134092
fx73cl1152.csv	0.020408	0.022426	0.042834	0.012215	0.008303	0.020518	0.006905	0.003611	0.010516	0.073867
fx74130wp2.csv	0.019662	0.011948	0.031610	0.009943	0.009183	0.019127	0.009353	0.005337	0.014690	0.065426
fx74130wp2mod.csv	0.024177	0.011791	0.035968	0.012733	0.009934	0.022667	0.011146	0.005940	0.017086	0.075721
fx74cl5140.csv	0.034382	0.030503	0.064885	0.009867	0.019000	0.028867	0.009707	0.014296	0.024003	0.117755
fx78k140a20.csv	0.033172	0.016723	0.049895	0.016174	0.013169	0.029343	0.016754	0.007387	0.024142	0.103380
fx84w097.csv	0.005339	0.006336	0.011675	0.002672	0.003213	0.005885	0.001904	0.001831	0.003735	0.021295
fx84w175.csv	0.007847	0.009778	0.017624	0.003693	0.004975	0.008668	0.002475	0.002729	0.005204	0.031496
fx84w218.csv	0.005882	0.007817	0.013699	0.002811	0.003777	0.006588	0.001875	0.001724	0.003599	0.023886
fxl142k.csv	0.020285	0.020285	0.040569	0.015916	0.015916	0.031831	0.012752	0.012752	0.025503	0.097904
fxm2.csv	0.015420	0.037920	0.053340	0.012476	0.016023	0.028498	0.012437	0.011705	0.024142	0.105980
fxs21158.csv	0.032797	0.015695	0.048493	0.014341	0.012279	0.026619	0.011514	0.009727	0.021241	0.096353
giiib.csv	0.010616	0.001933	0.012549	0.001583	0.001908	0.003491	0.001270	0.000854	0.002124	0.018165
giiic.csv	0.007482	0.002266	0.009748	0.001688	0.002209	0.003897	0.000732	0.000943	0.001675	0.015320
giiid.csv	0.006222	0.002345	0.008567	0.001952	0.002305	0.004257	0.000626	0.000915	0.001541	0.014365
giiie.csv	0.002384	0.002643	0.005027	0.002094	0.002525	0.004619	0.001221	0.000651	0.001872	0.011518
giiif.csv	0.003303	0.003196	0.006499	0.001479	0.002912	0.004390	0.001008	0.001137	0.002145	0.013035
giiii.csv	0.003173	0.009400	0.012573	0.001188	0.004966	0.006154	0.000693	0.001275	0.001968	0.020695
giiik.csv	0.003682	0.014987	0.018669	0.002641	0.008181	0.010822	0.000910	0.002787	0.003697	0.033188
giiin.csv	0.004475	0.022091	0.026566	0.003125	0.005129	0.008254	0.001030	0.002285	0.003315	0.038135
glennmartin3.csv	0.070974	0.077913	0.148887	0.065874	0.063223	0.129097	0.059916	0.058759	0.118675	0.396659
glennmartin4.csv	0.059148	0.058848	0.117996	0.055422	0.052678	0.108100	0.049008	0.046244	0.095253	0.321349
gm15sm.csv	0.014861	0.007208	0.022070	0.010170	0.005328	0.015498	0.006382	0.003903	0.010286	0.047854
goe09k.csv	0.000632	0.000320	0.000951	0.000602	0.000204	0.000806	0.000185	0.000104	0.000289	0.002046
goe124.csv	0.005993	0.013526	0.019519	0.005999	0.008106	0.014105	0.001690	0.001033	0.002723	0.036348
goe134.csv	0.004101	0.009234	0.013335	0.004188	0.005580	0.009769	0.003079	0.003004	0.006083	0.029187
goe14k.csv	0.003707	0.001666	0.005373	0.001533	0.000857	0.002389	0.001554	0.000246	0.001800	0.009562
goe15.csv	0.010328	0.015899	0.026227	0.007581	0.009707	0.017288	0.001724	0.007261	0.008985	0.052500
goe167.csv	0.008884	0.006217	0.015101	0.008370	0.002882	0.011252	0.005995	0.001964	0.007959	0.034311
goe174.csv	0.006590	0.008574	0.015164	0.005711	0.007507	0.013217	0.004259	0.003198	0.007457	0.035838
goe176.csv	0.011913	0.004046	0.015959	0.010896	0.004012	0.014908	0.010134	0.001388	0.011522	0.042388
goe184.csv	0.007695	0.005982	0.013677	0.005821	0.005740	0.011561	0.005545	0.004007	0.009552	0.034790
goe188.csv	0.003051	0.001151	0.004201	0.002863	0.000702	0.003565	0.002575	0.000383	0.002958	0.010725
goe190.csv	0.004307	0.004533	0.008840	0.002653	0.002953	0.005606	0.002858	0.002907	0.005764	0.020210
goe195.csv	0.004828	0.011100	0.015928	0.004569	0.004310	0.008879	0.004213	0.002574	0.006788	0.031595
goe198.csv	0.008140	0.014272	0.022412	0.006581	0.004191	0.010772	0.006485	0.003181	0.009666	0.042850
goe217.csv	0.008009	0.017342	0.025351	0.007629	0.008072	0.015701	0.004261	0.001566	0.005827	0.046879
goe225.csv	0.009685	0.004398	0.014083	0.006981	0.004125	0.011106	0.003133	0.003146	0.006279	0.031468
goe233.csv	0.006576	0.008522	0.015098	0.006098	0.007104	0.013202	0.002855	0.004854	0.007709	0.036010
goe234.csv	0.007983	0.007670	0.015653	0.007348	0.006544	0.013892	0.004693	0.006211	0.010904	0.040449
goe238.csv	0.007357	0.015403	0.022760	0.007261	0.008096	0.015358	0.003888	0.004318	0.008206	0.046324
goe240.csv	0.009883	0.007212	0.017095	0.006044	0.004028	0.010072	0.005936	0.003796	0.009732	0.036899
goe255.csv	0.016338	0.008805	0.025143	0.011764	0.004423	0.016187	0.008677	0.003762	0.012439	0.053768
goe257.csv	0.006738	0.008726	0.015464	0.006861	0.005044	0.011905	0.005595	0.003810	0.009405	0.036774
goe275.csv	0.006233	0.014497	0.020730	0.005362	0.009051	0.014413	0.003838	0.003785	0.007622	0.042765
goe277.csv	0.006600	0.007915	0.014515	0.006623	0.003183	0.009806	0.003770	0.001134	0.004904	0.029226
goe279.csv	0.005599	0.010156	0.015755	0.005363	0.004696	0.010059	0.004297	0.002380	0.006678	0.032492
goe280.csv	0.021675	0.010141	0.031816	0.012783	0.005784	0.018567	0.008499	0.002029	0.010527	0.060910
goe281.csv	0.013472	0.011836	0.025308	0.006324	0.006158	0.012483	0.003050	0.004554	0.007604	0.045395
goe284.csv	0.008038	0.006545	0.014583	0.006989	0.004641	0.011630	0.005945	0.003374	0.009319	0.035532
goe288.csv	0.007114	0.004173	0.011287	0.006100	0.004058	0.010158	0.004158	0.002819	0.006977	0.028422
goe300.csv	0.004930	0.003425	0.008355	0.003244	0.003203	0.006447	0.002186	0.000106	0.002292	0.017095
goe301.csv	0.004699	0.007780	0.012479	0.003692	0.003305	0.006997	0.002654	0.003019	0.005673	0.025149
goe304.csv	0.002706	0.011878	0.014584	0.002508	0.004525	0.007033	0.002593	0.003204	0.005797	0.027414
goe308.csv	0.010133	0.006511	0.016644	0.002828	0.005557	0.008385	0.002512	0.003690	0.006202	0.031231
goe311.csv	0.009133	0.007260	0.016393	0.006790	0.007112	0.013902	0.006651	0.006075	0.012726	0.043022
goe315.csv	0.007794	0.009104	0.016897	0.007093	0.004753	0.011846	0.004129	0.001558	0.005687	0.034430
goe322.csv	0.011067	0.004818	0.015885	0.004726	0.003186	0.007912	0.004421	0.003062	0.007483	0.031279
goe325.csv	0.004735	0.005640	0.010375	0.004555	0.001019	0.005574	0.004333	0.000637	0.004970	0.020920
goe329.csv	0.002181	0.014683	0.016864	0.002209	0.009585	0.011794	0.001497	0.003181	0.004677	0.033335
goe335.csv	0.006151	0.005054	0.011205	0.004564	0.001782	0.006346	0.002322	0.001676	0.003999	0.021549
goe358.csv	0.003460	0.001968	0.005429	0.002357	0.001371	0.003728	0.002658	0.001107	0.003766	0.012923
goe360.csv	0.004855	0.014669	0.019524	0.004026	0.005774	0.009800	0.001572	0.003076	0.004648	0.033972
goe361.csv	0.004234	0.007819	0.012053	0.003293	0.005220	0.008513	0.003029	0.002929	0.005958	0.026524
goe370.csv	0.002979	0.005052	0.008031	0.002081	0.004062	0.006143	0.002355	0.002886	0.005241	0.019414
goe372.csv	0.010995	0.002126	0.013121	0.002594	0.001558	0.004152	0.002311	0.000893	0.003204	0.020476
goe373.csv	0.012359	0.016482	0.028840	0.008143	0.010712	0.018855	0.005137	0.006552	0.011689	0.059384
goe380.csv	0.010503	0.007291	0.017794	0.003500	0.006452	0.009953	0.002392	0.003653	0.006046	0.033793
goe385.csv	0.005805	0.007644	0.013449	0.006142	0.003488	0.009629	0.003066	0.001382	0.004448	0.027526
goe386.csv	0.008264	0.008308	0.016573	0.007192	0.007419	0.014611	0.005832	0.007255	0.013088	0.044271
goe388.csv	0.070952	0.007869	0.078822	0.073109	0.004832	0.077941	0.062725	0.002641	0.065366	0.222129
goe391.csv	0.003328	0.005196	0.008524	0.003043	0.002490	0.005533	0.002307	0.001197	0.003504	0.017562
goe396.csv	0.012500	0.002946	0.015446	0.006678	0.002772	0.009451	0.001998	0.002420	0.004418	0.029314
goe399.csv	0.004659	0.003445	0.008104	0.003159	0.002742	0.005901	0.002847	0.001764	0.004611	0.018615
goe404.csv	0.007239	0.003909	0.011148	0.007187	0.003098	0.010285	0.004787	0.002323	0.007109	0.028542
goe408.csv	0.006498	0.005993	0.012491	0.003932	0.004711	0.008642	0.002625	0.003573	0.006198	0.027332
goe412.csv	0.006731	0.004231	0.010963	0.004086	0.004189	0.008275	0.003324	0.003407	0.006732	0.025970
goe413.csv	0.007654	0.012243	0.019897	0.006917	0.007060	0.013978	0.005341	0.005928	0.011269	0.045144
goe418.csv	0.006644	0.009285	0.015929	0.005656	0.006177	0.011833	0.005288	0.002481	0.007769	0.035531
goe419.csv	0.015381	0.013710	0.029091	0.014115	0.013650	0.027765	0.014022	0.011748	0.025770	0.082626
goe421.csv	0.016184	0.004524	0.020709	0.012370	0.004278	0.016648	0.002759	0.004536	0.007294	0.044650
goe422.csv	0.011666	0.005692	0.017359	0.008102	0.003834	0.011935	0.005155	0.001829	0.006984	0.036278
goe425.csv	0.006421	0.006413	0.012833	0.004670	0.005254	0.009924	0.003168	0.004458	0.007626	0.030384
goe427.csv	0.014391	0.013018	0.027409	0.013729	0.013027	0.026756	0.013011	0.012082	0.025093	0.079258
goe428.csv	0.006645	0.004149	0.010795	0.005765	0.003552	0.009317	0.002845	0.003517	0.006361	0.026473
goe433.csv	0.008922	0.008714	0.017636	0.008375	0.004436	0.012812	0.007858	0.002720	0.010578	0.041026
goe435.csv	0.018602	0.021110	0.039712	0.017239	0.017166	0.034405	0.013469	0.017507	0.030976	0.105092
goe438.csv	0.003877	0.005717	0.009595	0.003683	0.005053	0.008736	0.003124	0.004885	0.008009	0.026339
goe440.csv	0.051725	0.006879	0.058604	0.029824	0.005127	0.034951	0.027683	0.004753	0.032437	0.125992
goe441.csv	0.010160	0.005408	0.015569	0.008065	0.005332	0.013398	0.004455	0.002247	0.006703	0.035669
goe442.csv	0.007903	0.005656	0.013558	0.004239	0.003668	0.007907	0.002385	0.002227	0.004612	0.026077
goe446.csv	0.011416	0.004038	0.015453	0.005413	0.003277	0.008689	0.002997	0.003083	0.006080	0.030222
goe449.csv	0.005828	0.002974	0.008802	0.002418	0.002584	0.005002	0.002390	0.002764	0.005155	0.018959
goe451.csv	0.058471	0.007268	0.065739	0.051436	0.005549	0.056985	0.056772	0.004240	0.061012	0.183736
goe456.csv	0.010885	0.003694	0.014580	0.001327	0.002638	0.003965	0.000847	0.002433	0.003281	0.021825
goe460.csv	0.003946	0.003946	0.007891	0.003553	0.003553	0.007105	0.002916	0.002916	0.005831	0.020828
goe464.csv	0.007020	0.045435	0.052455	0.005191	0.022672	0.027863	0.002549	0.015979	0.018529	0.098846
goe480.csv	0.001637	0.002821	0.004458	0.001468	0.002375	0.003843	0.000000	0.000000	0.000000	0.008301
goe481.csv	0.010943	0.090294	0.101236	0.006623	0.062265	0.068888	0.003697	0.047403	0.051100	0.221224
goe481a.csv	0.014843	0.005640	0.020483	0.010464	0.005166	0.015630	0.006194	0.004553	0.010747	0.046860
goe492.csv	0.004273	0.009538	0.013811	0.002961	0.004217	0.007177	0.001727	0.002095	0.003822	0.024810
goe493.csv	0.004863	0.006997	0.011859	0.004090	0.002807	0.006897	0.003877	0.001400	0.005277	0.024033
goe494.csv	0.004752	0.008646	0.013398	0.003967	0.003196	0.007163	0.001731	0.001606	0.003337	0.023898
goe496.csv	0.002781	0.003721	0.006502	0.001431	0.002937	0.004368	0.000778	0.002009	0.002787	0.013658
goe499.csv	0.008146	0.005829	0.013975	0.003472	0.004396	0.007868	0.002507	0.002170	0.004677	0.026520
goe500.csv	0.003196	0.003522	0.006718	0.003086	0.003669	0.006755	0.001761	0.001607	0.003367	0.016840
goe501.csv	0.007207	0.004820	0.012027	0.004971	0.004597	0.009568	0.003488	0.003855	0.007344	0.028938
goe507.csv	0.001679	0.002168	0.003847	0.001651	0.002129	0.003780	0.000000	0.000000	0.000000	0.007627
goe509.csv	0.010309	0.004763	0.015072	0.007338	0.002771	0.010110	0.007115	0.001914	0.009029	0.034211
goe511.csv	0.005250	0.011364	0.016614	0.004925	0.005018	0.009944	0.003964	0.004234	0.008198	0.034756
goe517.csv	0.002805	0.002684	0.005489	0.001847	0.001797	0.003644	0.000000	0.000000	0.000000	0.009133
goe523.csv	0.006717	0.005658	0.012375	0.006650	0.001924	0.008574	0.005056	0.001577	0.006633	0.027582
goe526.csv	0.004254	0.002752	0.007007	0.002762	0.002217	0.004979	0.002425	0.001763	0.004189	0.016175
goe530.csv	0.011381	0.006611	0.017992	0.005754	0.005726	0.011480	0.002435	0.005514	0.007949	0.037421
goe532.csv	0.006820	0.006672	0.013492	0.006804	0.002792	0.009596	0.004662	0.000865	0.005527	0.028615
goe547.csv	0.005491	0.006535	0.012026	0.004354	0.002769	0.007123	0.002954	0.002367	0.005322	0.024471
goe55.csv	0.007905	0.005715	0.013620	0.004438	0.002064	0.006502	0.004250	0.001920	0.006169	0.026291
goe550.csv	0.003178	0.004709	0.007887	0.002794	0.004083	0.006877	0.001785	0.004107	0.005891	0.020656
goe553.csv	0.006102	0.003699	0.009800	0.004474	0.002664	0.007138	0.004146	0.001555	0.005701	0.022640
goe566.csv	0.003422	0.003240	0.006662	0.003020	0.002404	0.005425	0.002881	0.000871	0.003752	0.015839
goe570.csv	0.004513	0.015655	0.020168	0.000000	0.013925	0.013925	0.000000	0.011871	0.011871	0.045964
goe572.csv	0.013686	0.003764	0.017450	0.011546	0.002560	0.014107	0.010410	0.001387	0.011797	0.043354
goe573.csv	0.007136	0.005962	0.013099	0.002598	0.002985	0.005583	0.002245	0.002755	0.005000	0.023682
goe574.csv	0.008989	0.004583	0.013572	0.004313	0.004041	0.008353	0.003992	0.002214	0.006206	0.028131
goe585.csv	0.002144	0.003000	0.005144	0.001995	0.002447	0.004443	0.001258	0.001394	0.002652	0.012239
goe598.csv	0.003087	0.003180	0.006268	0.003010	0.003140	0.006151	0.002191	0.003167	0.005358	0.017777
goe600.csv	0.004817	0.005113	0.009930	0.004782	0.003992	0.008774	0.002754	0.003501	0.006255	0.024959
goe604.csv	0.008142	0.002430	0.010573	0.004658	0.002091	0.006749	0.004514	0.002138	0.006651	0.023973
goe617.csv	0.006773	0.003581	0.010354	0.004273	0.003420	0.007693	0.002380	0.003206	0.005586	0.023632
goe619.csv	0.010736	0.003591	0.014327	0.009845	0.003073	0.012918	0.009208	0.003101	0.012309	0.039554
goe623.csv	0.007083	0.002633	0.009715	0.003101	0.002422	0.005524	0.001784	0.002153	0.003937	0.019176
goe625.csv	0.011436	0.006626	0.018061	0.008596	0.004029	0.012625	0.006152	0.003195	0.009346	0.040032
goe626.csv	0.011354	0.009557	0.020911	0.009680	0.005953	0.015632	0.008651	0.005115	0.013766	0.050309
goe632.csv	0.010249	0.004132	0.014381	0.007911	0.002118	0.010029	0.002428	0.001261	0.003690	0.028099
goe652.csv	0.002827	0.005789	0.008617	0.002813	0.005015	0.007828	0.002664	0.004342	0.007007	0.023452
goe673.csv	0.002039	0.003551	0.005590	0.001618	0.001316	0.002934	0.001361	0.001184	0.002545	0.011069
goe675.csv	0.006588	0.003344	0.009933	0.005711	0.003184	0.008896	0.005123	0.001856	0.006979	0.025807
goe679.csv	0.010233	0.005276	0.015509	0.005744	0.004529	0.010273	0.004825	0.003381	0.008206	0.033988
goe683.csv	0.008360	0.003639	0.011999	0.006391	0.003437	0.009827	0.003396	0.003455	0.006851	0.028677
goe685.csv	0.006428	0.004604	0.011032	0.006222	0.002209	0.008431	0.004282	0.001911	0.006193	0.025656
goe701.csv	0.006863	0.005456	0.012318	0.002865	0.003119	0.005984	0.002753	0.002595	0.005348	0.023650
goe702.csv	0.005682	0.004039	0.009720	0.004653	0.003344	0.007998	0.002052	0.001841	0.003893	0.021611
goe703.csv	0.005050	0.007544	0.012594	0.003293	0.004257	0.007550	0.002813	0.001914	0.004726	0.024870
goe746.csv	0.010603	0.008304	0.018907	0.002801	0.004690	0.007491	0.002653	0.002421	0.005073	0.031471
goe765.csv	0.048166	0.020188	0.068355	0.048191	0.020185	0.068376	0.048216	0.020181	0.068397	0.205128
goe767.csv	0.004132	0.003708	0.007840	0.002487	0.001678	0.004166	0.002160	0.001164	0.003324	0.015330
goe775.csv	0.002209	0.002214	0.004423	0.001233	0.001200	0.002434	0.000534	0.000510	0.001044	0.007900
goe780.csv	0.006578	0.004484	0.011062	0.005966	0.004605	0.010571	0.004006	0.002601	0.006607	0.028241
goe795.csv	0.013028	0.006748	0.019776	0.012509	0.004427	0.016936	0.006681	0.004267	0.010948	0.047660
goe795sm.csv	0.009097	0.007435	0.016531	0.006363	0.003153	0.009516	0.002915	0.002334	0.005249	0.031296
goe797.csv	0.005317	0.001163	0.006480	0.003735	0.000986	0.004721	0.000144	0.000392	0.000536	0.011737
goe798.csv	0.007392	0.003287	0.010679	0.005107	0.002954	0.008061	0.002136	0.002035	0.004171	0.022911
goe802a.csv	0.008731	0.180814	0.189544	0.005768	0.164713	0.170480	0.003805	0.155894	0.159699	0.519724
goe81.csv	0.008015	0.015480	0.023495	0.007356	0.007082	0.014438	0.004452	0.002337	0.006789	0.044722
hh02.csv	0.030714	0.022556	0.053270	0.020467	0.011996	0.032463	0.012967	0.005908	0.018875	0.104608
hq108.csv	0.007523	0.005015	0.012538	0.004966	0.004165	0.009131	0.004453	0.003749	0.008202	0.029871
hq109.csv	0.008235	0.006571	0.014806	0.005380	0.004515	0.009894	0.004799	0.004400	0.009198	0.033899
hq258.csv	0.014867	0.004217	0.019084	0.008995	0.004129	0.013123	0.005991	0.003743	0.009734	0.041941
hq259.csv	0.016414	0.005035	0.021450	0.010028	0.004734	0.014762	0.006826	0.004270	0.011096	0.047307
hq3010.csv	0.010680	0.006016	0.016696	0.006944	0.005988	0.012931	0.005108	0.005065	0.010174	0.039801
hq3012.csv	0.010652	0.007120	0.017772	0.007119	0.006989	0.014108	0.005359	0.005958	0.011317	0.043197
hq3013.csv	0.011792	0.009495	0.021287	0.007175	0.008646	0.015821	0.005907	0.006484	0.012391	0.049499
hs1430.csv	0.015411	0.025156	0.040567	0.015272	0.013887	0.029159	0.013200	0.005655	0.018855	0.088581
hs1620.csv	0.013055	0.023444	0.036498	0.013498	0.014616	0.028114	0.009634	0.005924	0.015558	0.080170
hsnlf213.csv	0.019988	0.029448	0.049436	0.013225	0.024709	0.037935	0.004530	0.016440	0.020970	0.108341
ht05.csv	0.041940	0.041677	0.083617	0.029544	0.029672	0.059216	0.027021	0.026862	0.053883	0.196717
ht33.csv	0.006161	0.005976	0.012137	0.003313	0.003150	0.006463	0.002380	0.002238	0.004618	0.023217
isa962.csv	0.051415	0.053387	0.104802	0.046557	0.049582	0.096139	0.045446	0.044136	0.089582	0.290523
joukowsk.csv	0.000905	0.000905	0.001810	0.000389	0.000389	0.000778	0.000197	0.000196	0.000393	0.002981
jx-gs-10.csv	0.012450	0.002589	0.015039	0.007256	0.001846	0.009102	0.005330	0.001483	0.006812	0.030954
k3.csv	0.055109	0.058396	0.113505	0.055087	0.034164	0.089252	0.042427	0.021291	0.063719	0.266475
k3311sm.csv	0.009784	0.009103	0.018887	0.004352	0.004779	0.009131	0.002347	0.002361	0.004707	0.032725
l188root.csv	0.004452	0.010682	0.015135	0.001208	0.005836	0.007045	0.001018	0.003442	0.004460	0.026640
la2573a.csv	0.013014	0.035745	0.048759	0.011543	0.013016	0.024560	0.004355	0.006189	0.010545	0.083863
lrn1015.csv	0.021224	0.006106	0.027330	0.021626	0.003156	0.024782	0.018395	0.002183	0.020578	0.072689
ls413mod.csv	0.005509	0.009059	0.014568	0.004410	0.005531	0.009941	0.004096	0.004865	0.008961	0.033470
ls417.csv	0.007835	0.020174	0.028009	0.004416	0.011238	0.015654	0.003281	0.009795	0.013076	0.056739
lwk80100.csv	0.008429	0.008175	0.016604	0.005353	0.005242	0.010595	0.004897	0.004848	0.009745	0.036944
lwk80120k25.csv	0.008515	0.008515	0.017030	0.005051	0.005051	0.010101	0.004698	0.004698	0.009397	0.036528
lwk80150k25.csv	0.007438	0.007438	0.014876	0.006701	0.006701	0.013401	0.005699	0.005699	0.011397	0.039674
m10.csv	0.000887	0.003416	0.004303	0.000780	0.000798	0.001578	0.000404	0.000072	0.000476	0.006358
m12.csv	0.001066	0.003043	0.004109	0.000908	0.001867	0.002775	0.000366	0.001523	0.001889	0.008773
m13.csv	0.002512	0.006039	0.008551	0.001556	0.004521	0.006077	0.000651	0.004121	0.004772	0.019400
m14.csv	0.002204	0.007237	0.009441	0.001532	0.004632	0.006164	0.001103	0.002022	0.003125	0.018730
m17.csv	0.005322	0.005855	0.011177	0.000950	0.003403	0.004353	0.000916	0.001447	0.002363	0.017893
m18.csv	0.004240	0.006846	0.011086	0.002435	0.003034	0.005469	0.001962	0.001932	0.003894	0.020449
ma409.csv	0.051989	0.060246	0.112235	0.049514	0.053052	0.102566	0.046689	0.045420	0.092109	0.306909
marsden.csv	0.183213	0.200371	0.383585	0.165556	0.186429	0.351985	0.152057	0.181421	0.333478	1.069048
marske3.csv	0.005672	0.003302	0.008975	0.003567	0.002496	0.006063	0.001212	0.001468	0.002679	0.017717
marske7.csv	0.013947	0.012246	0.026193	0.006838	0.007279	0.014117	0.002973	0.004322	0.007296	0.047606
mb253515sm.csv	0.004202	0.009702	0.013904	0.002650	0.005228	0.007878	0.002170	0.002386	0.004555	0.026337
mh108.csv	0.015180	0.015296	0.030476	0.012295	0.009280	0.021574	0.007812	0.006821	0.014633	0.066683
mh112.csv	0.012274	0.047437	0.059711	0.008967	0.034083	0.043050	0.008076	0.025442	0.033518	0.136279
mh114.csv	0.013832	0.020163	0.033994	0.008480	0.015322	0.023801	0.005675	0.013225	0.018900	0.076696
mh116.csv	0.014253	0.004953	0.019206	0.010307	0.003469	0.013775	0.006831	0.002291	0.009123	0.042104
mh22.csv	0.012685	0.008549	0.021233	0.011244	0.005652	0.016896	0.007039	0.003877	0.010916	0.049045
mh32.csv	0.014709	0.004731	0.019439	0.009528	0.003513	0.013041	0.007039	0.002617	0.009656	0.042136
mh42.csv	0.010764	0.007432	0.018196	0.007890	0.004552	0.012443	0.005712	0.003317	0.009029	0.039667
mh45.csv	0.012429	0.005628	0.018057	0.009094	0.002457	0.011551	0.006900	0.001664	0.008564	0.038172
mh70.csv	0.013911	0.009398	0.023308	0.009906	0.008604	0.018510	0.007953	0.007647	0.015600	0.057418
mh78.csv	0.015065	0.038360	0.053425	0.012138	0.028337	0.040474	0.011909	0.021640	0.033549	0.127449
mh91.csv	0.008825	0.014829	0.023655	0.005929	0.013645	0.019575	0.004583	0.012181	0.016764	0.059994
mh94.csv	0.015985	0.019807	0.035791	0.013787	0.017148	0.030935	0.010201	0.014669	0.024870	0.091596
mh95.csv	0.012833	0.010271	0.023104	0.011483	0.007077	0.018560	0.008598	0.005472	0.014069	0.055734
mrc-16.csv	0.022288	0.010025	0.032313	0.013386	0.006072	0.019459	0.009173	0.003790	0.012963	0.064734
mrc-20.csv	0.015902	0.021694	0.037596	0.010853	0.021720	0.032573	0.008887	0.015715	0.024602	0.094770
n0011sc.csv	0.014100	0.014100	0.028200	0.008030	0.008030	0.016061	0.004668	0.004668	0.009337	0.053597
n10.csv	0.084508	0.087993	0.172501	0.074810	0.078318	0.153128	0.071735	0.071761	0.143496	0.469125
n11.csv	0.064296	0.066430	0.130726	0.056638	0.058105	0.114743	0.051956	0.052485	0.104442	0.349910
n14.csv	0.002688	0.003069	0.005757	0.002755	0.002985	0.005741	0.002053	0.002910	0.004962	0.016460
n5h15.csv	0.010937	0.009508	0.020445	0.005483	0.003699	0.009182	0.005198	0.001839	0.007037	0.036664
n5h20.csv	0.011024	0.012247	0.023271	0.008065	0.002794	0.010859	0.005203	0.001313	0.006516	0.040646
n63012a.csv	0.001904	0.001904	0.003807	0.001900	0.001900	0.003800	0.000946	0.000946	0.001891	0.009498
n63215.csv	0.004921	0.001390	0.006311	0.004648	0.001282	0.005930	0.002859	0.000903	0.003762	0.016003
n64015a.csv	0.004225	0.004225	0.008449	0.003285	0.003285	0.006570	0.001663	0.001663	0.003326	0.018345
n6409.csv	0.008116	0.003924	0.012039	0.008482	0.001731	0.010213	0.008054	0.001289	0.009344	0.031596
n64212ma.csv	0.026536	0.021706	0.048243	0.023147	0.012139	0.035287	0.017689	0.002875	0.020564	0.104093
n64215.csv	0.008090	0.003331	0.011422	0.006668	0.002408	0.009076	0.003923	0.001046	0.004969	0.025467
n642415.csv	0.012872	0.002637	0.015509	0.011016	0.002368	0.013384	0.007573	0.001380	0.008953	0.037846
n66021.csv	0.012462	0.012462	0.024924	0.009265	0.009265	0.018529	0.004898	0.004898	0.009795	0.053248
n9.csv	0.067356	0.068511	0.135867	0.052095	0.060932	0.113027	0.051142	0.055233	0.106376	0.355269
naca0006.csv	0.000318	0.000318	0.000637	0.000169	0.000169	0.000338	0.000075	0.000075	0.000150	0.001125
naca0008.csv	0.000437	0.000437	0.000873	0.000247	0.000247	0.000494	0.000105	0.000105	0.000209	0.001577
naca000834.csv	0.000955	0.000955	0.001909	0.000486	0.000486	0.000972	0.000309	0.000309	0.000619	0.003500
naca0010.csv	0.000520	0.000520	0.001040	0.000260	0.000260	0.000520	0.000121	0.000121	0.000242	0.001802
naca001034a08cli0.2.csv	0.002221	0.001416	0.003637	0.001295	0.000629	0.001925	0.000595	0.000372	0.000967	0.006529
naca001035.csv	0.000678	0.000678	0.001357	0.000489	0.000489	0.000978	0.000398	0.000398	0.000796	0.003132
naca001064.csv	0.001431	0.001431	0.002863	0.000864	0.000864	0.001728	0.000329	0.000329	0.000659	0.005250
naca001065.csv	0.001540	0.001540	0.003080	0.000794	0.000794	0.001589	0.000314	0.000314	0.000627	0.005296
naca001066.csv	0.001272	0.001272	0.002543	0.000616	0.000616	0.001231	0.000522	0.000522	0.001043	0.004818
naca001264.csv	0.001713	0.001713	0.003427	0.001051	0.001051	0.002102	0.000399	0.000399	0.000797	0.006326
naca0015.csv	0.000750	0.000750	0.001501	0.000394	0.000394	0.000788	0.000173	0.000173	0.000346	0.002635
naca1408.csv	0.000351	0.000727	0.001077	0.000358	0.000156	0.000514	0.000171	0.000095	0.000267	0.001859
naca16006.csv	0.000108	0.000108	0.000217	0.000107	0.000107	0.000214	0.000051	0.000051	0.000102	0.000533
naca23015.csv	0.006767	0.815100	0.821867	0.005135	0.815100	0.820235	0.002294	0.815100	0.817394	2.459496
naca2410.csv	0.000790	0.000975	0.001765	0.000830	0.000175	0.001005	0.000388	0.000094	0.000482	0.003253
naca4412.csv	0.001716	0.001800	0.003516	0.001547	0.001395	0.002942	0.000561	0.000833	0.001394	0.007852
naca4415.csv	0.008506	0.006138	0.014644	0.004149	0.005368	0.009517	0.003720	0.004661	0.008381	0.032542
naca4418.csv	0.007824	0.003122	0.010947	0.005590	0.003016	0.008607	0.003169	0.001755	0.004924	0.024477
naca63209.csv	0.002412	0.002417	0.004829	0.002174	0.001561	0.003735	0.001414	0.000596	0.002010	0.010574
naca632615.csv	0.017122	0.002985	0.020107	0.015526	0.002303	0.017829	0.012201	0.002090	0.014290	0.052226
naca633218.csv	0.014366	0.003514	0.017880	0.014044	0.002059	0.016103	0.014723	0.001997	0.016720	0.050703
naca63a210.csv	0.008615	0.001849	0.010464	0.008702	0.001605	0.010307	0.007418	0.000493	0.007912	0.028682
naca641112.csv	0.005080	0.003915	0.008995	0.003657	0.002641	0.006298	0.001974	0.000996	0.002970	0.018264
naca643218.csv	0.010161	0.002898	0.013058	0.009001	0.002499	0.011500	0.005554	0.001273	0.006826	0.031385
naca643418.csv	0.018056	0.002960	0.021015	0.016033	0.002692	0.018725	0.011365	0.001944	0.013309	0.053050
naca643618.csv	0.030331	0.003778	0.034110	0.027378	0.003619	0.030997	0.021566	0.002745	0.024311	0.089418
naca644221.csv	0.012718	0.003277	0.015995	0.011553	0.002871	0.014424	0.007200	0.001904	0.009104	0.039523
naca64a010.csv	0.012279	0.012279	0.024558	0.007545	0.007545	0.015089	0.004601	0.004601	0.009202	0.048849
naca651212a06.csv	0.009347	0.006569	0.015916	0.005123	0.002221	0.007345	0.003944	0.001800	0.005744	0.029005
naca65206.csv	0.003399	0.005457	0.008856	0.001526	0.002144	0.003670	0.001202	0.001415	0.002617	0.015144
naca65209.csv	0.005846	0.006343	0.012189	0.002716	0.002280	0.004996	0.002204	0.001569	0.003772	0.020957
naca652215.csv	0.010445	0.006550	0.016995	0.005692	0.001965	0.007657	0.004587	0.001489	0.006076	0.030728
naca652415.csv	0.014115	0.006042	0.020157	0.009264	0.001630	0.010894	0.007662	0.001399	0.009061	0.040112
naca653618.csv	0.029926	0.005403	0.035329	0.023222	0.001961	0.025182	0.020119	0.001697	0.021816	0.082328
naca654221.csv	0.016713	0.006777	0.023490	0.010733	0.002697	0.013430	0.008823	0.002262	0.011084	0.048005
naca654421.csv	0.026153	0.004841	0.030995	0.019325	0.002285	0.021610	0.016295	0.002047	0.018342	0.070947
naca66-018.csv	0.012578	0.013096	0.025674	0.009773	0.009666	0.019438	0.004805	0.004808	0.009614	0.054726
naca661212.csv	0.008262	0.007019	0.015280	0.006707	0.004947	0.011654	0.003132	0.001633	0.004765	0.031700
naca66209.csv	0.005370	0.005992	0.011362	0.004441	0.004030	0.008471	0.001873	0.001358	0.003230	0.023063
naca66210.csv	0.006347	0.006210	0.012556	0.005144	0.004230	0.009374	0.002346	0.001643	0.003989	0.025919
naca662215.csv	0.011584	0.008056	0.019640	0.009197	0.005647	0.014844	0.004794	0.001992	0.006787	0.041271
naca662415.csv	0.015007	0.007442	0.022449	0.012684	0.004874	0.017559	0.007655	0.001857	0.009512	0.049519
naca663218.csv	0.014252	0.008220	0.022472	0.011651	0.005513	0.017164	0.006659	0.002125	0.008784	0.048420
naca663418.csv	0.020064	0.007046	0.027110	0.017259	0.004366	0.021625	0.011348	0.001641	0.012988	0.061723
naca664221.csv	0.018145	0.009237	0.027382	0.014854	0.006249	0.021104	0.008893	0.002600	0.011493	0.059980
nacam2.csv	0.001842	0.001842	0.003685	0.001155	0.001155	0.002310	0.000756	0.000756	0.001511	0.007506
nacam6.csv	0.001191	0.006004	0.007195	0.000954	0.003131	0.004085	0.000758	0.002088	0.002846	0.014126
nlf416.csv	0.015986	0.010495	0.026481	0.006155	0.006751	0.012906	0.005441	0.004335	0.009776	0.049163
nplx.csv	0.065720	0.087740	0.153460	0.062558	0.073190	0.135747	0.057502	0.061217	0.118719	0.407926
oa206.csv	0.005847	0.025906	0.031753	0.004680	0.010933	0.015613	0.002599	0.006111	0.008710	0.056076
oa212.csv	0.020168	0.031757	0.051925	0.006579	0.012925	0.019504	0.005847	0.009589	0.015436	0.086865
p51dtip.csv	0.005861	0.005383	0.011244	0.002368	0.002874	0.005242	0.001567	0.002318	0.003886	0.020372
p51hroot.csv	0.024140	0.013946	0.038086	0.019252	0.008698	0.027950	0.012280	0.004028	0.016307	0.082343
psu94097.csv	0.011747	0.002640	0.014387	0.009332	0.001953	0.011285	0.006678	0.001917	0.008595	0.034267
r1046.csv	0.022747	0.026242	0.048989	0.020988	0.018278	0.039266	0.010434	0.013974	0.024408	0.112663
rae100.csv	0.000471	0.000471	0.000943	0.000115	0.000115	0.000230	0.000096	0.000096	0.000193	0.001365
rae102.csv	0.004027	0.004027	0.008054	0.002954	0.002954	0.005907	0.001942	0.001942	0.003884	0.017846
rae2822.csv	0.004698	0.005822	0.010520	0.001448	0.003243	0.004691	0.001026	0.002027	0.003053	0.018264
rae5214.csv	0.018092	0.032125	0.050217	0.012152	0.018138	0.030290	0.007535	0.014030	0.021565	0.102072
raf15.csv	0.002770	0.003611	0.006381	0.000988	0.001426	0.002414	0.000725	0.000998	0.001723	0.010518
raf27.csv	0.001454	0.001454	0.002908	0.001431	0.001431	0.002862	0.001356	0.001356	0.002712	0.008482
raf33.csv	0.005845	0.007490	0.013335	0.003353	0.001221	0.004575	0.003396	0.000938	0.004333	0.022243
raf34.csv	0.003226	0.002296	0.005522	0.002299	0.001987	0.004286	0.002071	0.001771	0.003842	0.013650
raf48.csv	0.003910	0.003789	0.007700	0.003817	0.001778	0.005596	0.002127	0.001296	0.003423	0.016718
raf69.csv	0.003424	0.002250	0.005674	0.001924	0.000547	0.002471	0.000000	0.000000	0.000000	0.008145
rc08b3.csv	0.001267	0.006553	0.007820	0.000762	0.004275	0.005037	0.000678	0.003482	0.004160	0.017017
rc10n1.csv	0.004818	0.015279	0.020097	0.003419	0.005806	0.009224	0.002805	0.002788	0.005593	0.034915
rc12n1.csv	0.003346	0.014954	0.018301	0.002224	0.005116	0.007340	0.002028	0.002176	0.004204	0.029844
rc410.csv	0.014144	0.008654	0.022798	0.005440	0.007414	0.012854	0.003714	0.005179	0.008893	0.044546
rg8.csv	0.009378	0.001895	0.011273	0.005335	0.001839	0.007174	0.003718	0.000771	0.004489	0.022936
rhodesg30.csv	0.076521	0.083542	0.160063	0.064875	0.074272	0.139147	0.060770	0.068517	0.129287	0.428497
rhodesg32.csv	0.090914	0.086144	0.177057	0.077324	0.077186	0.154509	0.073996	0.072145	0.146141	0.477707
rhodesg34.csv	0.107209	0.097843	0.205052	0.094003	0.087274	0.181277	0.087703	0.081754	0.169457	0.555786
s1010.csv	0.006001	0.006001	0.012002	0.002948	0.002948	0.005896	0.001646	0.001646	0.003291	0.021189
s1014.csv	0.012687	0.012687	0.025374	0.006271	0.006271	0.012542	0.004001	0.004001	0.008003	0.045918
s1046.csv	0.008861	0.008861	0.017721	0.005783	0.005783	0.011566	0.003408	0.003408	0.006816	0.036103
s1048.csv	0.008205	0.008205	0.016411	0.004795	0.004795	0.009590	0.002939	0.002939	0.005877	0.031878
s1091.csv	0.013170	0.020346	0.033516	0.012802	0.017259	0.030061	0.008198	0.013957	0.022155	0.085732
s2050.csv	0.016840	0.004636	0.021476	0.014962	0.002664	0.017626	0.014158	0.001700	0.015859	0.054961
s3014.csv	0.011606	0.001727	0.013334	0.006686	0.001689	0.008374	0.005061	0.001744	0.006805	0.028514
s3025.csv	0.011108	0.014592	0.025700	0.006837	0.014975	0.021811	0.004420	0.015544	0.019964	0.067475
s4022.csv	0.013379	0.004891	0.018270	0.007854	0.002464	0.010318	0.005600	0.002470	0.008071	0.036658
s4061.csv	0.009756	0.014157	0.023913	0.005228	0.015104	0.020333	0.003740	0.015812	0.019552	0.063797
s4062.csv	0.025500	0.001276	0.026776	0.023710	0.001121	0.024831	0.022960	0.001079	0.024038	0.075646
s4083.csv	0.021395	0.009350	0.030745	0.013549	0.005685	0.019235	0.008459	0.005132	0.013591	0.063571
s4095.csv	0.015384	0.006396	0.021779	0.011377	0.004729	0.016106	0.008917	0.004023	0.012940	0.050826
s4096.csv	0.017413	0.006301	0.023714	0.013554	0.004398	0.017952	0.011290	0.004025	0.015315	0.056981
s4110.csv	0.007794	0.002668	0.010462	0.004506	0.001492	0.005998	0.002899	0.001364	0.004263	0.020723
s6062.csv	0.017026	0.001491	0.018516	0.014422	0.000967	0.015390	0.013705	0.000688	0.014392	0.048299
s6063.csv	0.016889	0.001285	0.018174	0.014874	0.000939	0.015813	0.014615	0.000695	0.015310	0.049297
s7055.csv	0.023695	0.005654	0.029349	0.016552	0.001467	0.018019	0.012918	0.001051	0.013969	0.061338
s7075.csv	0.015470	0.008151	0.023621	0.014351	0.005873	0.020224	0.012940	0.005130	0.018070	0.061915
s8035.csv	0.015382	0.015382	0.030765	0.009444	0.009444	0.018888	0.006553	0.006553	0.013107	0.062759
s8038.csv	0.023360	0.002715	0.026075	0.020411	0.002901	0.023312	0.017601	0.002654	0.020255	0.069642
s8065.csv	0.019084	0.007654	0.026738	0.016736	0.003772	0.020509	0.014581	0.002749	0.017330	0.064576
s8066.csv	0.017941	0.007158	0.025100	0.016639	0.003568	0.020207	0.015377	0.002647	0.018024	0.063331
s9000.csv	0.016829	0.009697	0.026525	0.010618	0.007345	0.017964	0.007228	0.007441	0.014669	0.059158
saratov.csv	0.012541	0.024635	0.037176	0.004175	0.020782	0.024957	0.002607	0.007219	0.009826	0.071959
sc1094r8.csv	0.046597	0.045739	0.092336	0.032926	0.031874	0.064800	0.016908	0.018772	0.035680	0.192816
sc20406.csv	0.005466	0.009417	0.014883	0.003414	0.003564	0.006978	0.003121	0.002845	0.005966	0.027827
sc20503.csv	0.006273	0.006317	0.012590	0.003627	0.004650	0.008277	0.002916	0.003371	0.006287	0.027154
sc20610.csv	0.014847	0.018221	0.033069	0.007404	0.009548	0.016952	0.004737	0.007606	0.012343	0.062363
sc20706.csv	0.010566	0.012058	0.022624	0.005286	0.005803	0.011090	0.003599	0.004334	0.007934	0.041647
sc20712.csv	0.014805	0.024539	0.039344	0.009444	0.009188	0.018632	0.005304	0.008727	0.014031	0.072006
sc2110.csv	0.013457	0.018375	0.031831	0.007637	0.013765	0.021402	0.005145	0.009334	0.014479	0.067712
sd2083.csv	0.008410	0.004742	0.013152	0.005145	0.003458	0.008603	0.003727	0.002917	0.006644	0.028399
sd7003.csv	0.017384	0.001966	0.019350	0.014613	0.001193	0.015806	0.013746	0.001083	0.014829	0.049985
sd7037.csv	0.009049	0.009786	0.018835	0.005722	0.008980	0.014701	0.003763	0.009164	0.012927	0.046464
sd7043.csv	0.025455	0.005278	0.030733	0.024596	0.003997	0.028594	0.024714	0.003216	0.027929	0.087256
sd8000.csv	0.015318	0.001666	0.016985	0.013510	0.001336	0.014847	0.012635	0.000834	0.013469	0.045301
sg6041.csv	0.008353	0.012805	0.021158	0.005116	0.010138	0.015254	0.002902	0.010152	0.013054	0.049466
sg6042.csv	0.008353	0.018233	0.026587	0.004885	0.012994	0.017879	0.002618	0.012273	0.014891	0.059357
sg6050.csv	0.032819	0.015169	0.047988	0.028015	0.011701	0.039716	0.026229	0.005974	0.032203	0.119907
sg6051.csv	0.023943	0.005943	0.029886	0.021022	0.004991	0.026013	0.019846	0.005020	0.024866	0.080765
sm701.csv	0.028553	0.007714	0.036267	0.020381	0.004813	0.025194	0.018459	0.003928	0.022387	0.083848
spicasm.csv	0.007711	0.011955	0.019665	0.002447	0.004667	0.007114	0.001296	0.001784	0.003080	0.029860
ssca07.csv	0.013233	0.013378	0.026610	0.004164	0.009517	0.013681	0.003559	0.006785	0.010343	0.050635
stcyr171.csv	0.005605	0.006230	0.011835	0.004070	0.004410	0.008480	0.002941	0.003494	0.006435	0.026750
ste87151.csv	0.016915	0.038454	0.055369	0.010958	0.033889	0.044847	0.010845	0.033224	0.044070	0.144285
stf86361.csv	0.061894	0.060197	0.122091	0.056441	0.058332	0.114773	0.054273	0.046738	0.101011	0.337874
supermarine371i.csv	0.003726	0.006566	0.010292	0.001762	0.005756	0.007517	0.001374	0.005134	0.006508	0.024317
tempest1.csv	0.009294	0.016015	0.025309	0.004544	0.007846	0.012390	0.003900	0.004302	0.008202	0.045902
tempest2.csv	0.007700	0.013032	0.020732	0.004424	0.006699	0.011123	0.003994	0.003831	0.007825	0.039679
trainer60.csv	0.048375	0.056693	0.105068	0.037663	0.042616	0.080279	0.017857	0.026015	0.043872	0.229220
tsagi_r3a.csv	0.068435	0.058936	0.127371	0.041650	0.061660	0.103310	0.039772	0.064709	0.104481	0.335161
ua79sfm.csv	0.015964	0.005538	0.021502	0.012568	0.003593	0.016161	0.008722	0.002985	0.011707	0.049371
ui1720.csv	0.030776	0.007553	0.038329	0.025377	0.007869	0.033245	0.021327	0.005714	0.027041	0.098615
usa22.csv	0.011098	0.007526	0.018624	0.004211	0.003500	0.007711	0.001584	0.002584	0.004168	0.030503
usa26.csv	0.010292	0.014769	0.025061	0.005943	0.004941	0.010884	0.003661	0.002127	0.005788	0.041733
usa27m2.csv	0.016456	0.015619	0.032075	0.008491	0.007701	0.016192	0.004407	0.005391	0.009798	0.058065
usa34.csv	0.006720	0.012725	0.019444	0.006458	0.008094	0.014553	0.003924	0.003071	0.006995	0.040992
usa35.csv	0.008724	0.008622	0.017346	0.008485	0.002826	0.011310	0.006033	0.001079	0.007112	0.035768
usa35b.csv	0.005257	0.006189	0.011446	0.004142	0.003510	0.007652	0.003140	0.001271	0.004411	0.023508
usa40.csv	0.008648	0.005897	0.014546	0.008222	0.003730	0.011952	0.007588	0.001882	0.009471	0.035969
usa40b.csv	0.003237	0.005687	0.008924	0.002645	0.003591	0.006236	0.001918	0.001864	0.003782	0.018941
usa46.csv	0.003731	0.005187	0.008918	0.003092	0.002261	0.005354	0.002696	0.001996	0.004692	0.018964
usa49.csv	0.006274	0.005260	0.011533	0.004741	0.003573	0.008313	0.003146	0.000670	0.003815	0.023662
usa5.csv	0.010214	0.008305	0.018519	0.006837	0.004474	0.011311	0.003253	0.002562	0.005815	0.035644
usa50.csv	0.005829	0.003369	0.009197	0.005367	0.003299	0.008666	0.004702	0.001958	0.006661	0.024524
usa98.csv	0.002127	0.004766	0.006893	0.002040	0.001103	0.003143	0.000000	0.000000	0.000000	0.010036
v13006.csv	0.005124	0.010684	0.015808	0.005411	0.007788	0.013199	0.004394	0.005758	0.010152	0.039159
v43015.csv	0.020088	0.006562	0.026649	0.016404	0.003917	0.020321	0.010830	0.002523	0.013353	0.060323
vr11x.csv	0.017345	0.010120	0.027465	0.013633	0.006411	0.020045	0.011590	0.004144	0.015734	0.063244
vr13.csv	0.005651	0.009518	0.015169	0.002945	0.005751	0.008696	0.002130	0.003971	0.006101	0.029967
vr14.csv	0.004626	0.008019	0.012645	0.002346	0.004847	0.007194	0.001607	0.003350	0.004957	0.024796
vr5.csv	0.012632	0.005684	0.018316	0.009012	0.005172	0.014184	0.007099	0.004913	0.012012	0.044513
vr7.csv	0.011645	0.008776	0.020421	0.008094	0.004635	0.012729	0.007451	0.002001	0.009452	0.042602
vr7b.csv	0.015990	0.010291	0.026280	0.010573	0.006287	0.016860	0.008572	0.003385	0.011958	0.055098
vr8.csv	0.010788	0.005598	0.016385	0.008621	0.005748	0.014369	0.008818	0.005506	0.014324	0.045078
ys920.csv	0.017504	0.014461	0.031965	0.012238	0.013155	0.025392	0.008744	0.007332	0.016077	0.073434
